CONTINENT,SIZE,country,gppd_idnr,name,capacity_m,commission,T1__6_year,T2__3_year,latitude,longitude
South America,Small,ARG,ARG0000271,SALTO ANDERSEN,7.9,2012,2006,2015,-38.8244,-64.8296
South America,Medium,ARG,ARG0000296,CH LOS CARACOLES,121.4,2009,2003,2012,-31.5192,-68.9814
South America,Medium,BRA,BRA0000012,14 de Julho,100.71,2008,2002,2011,-29.0648,-51.6749
South America,Large,BRA,BRA0000042,Aimorés,330,2005,2002,2008,-19.4983,-41.0236
South America,Small,BRA,BRA0000161,ARS,6.66,2009,2003,2012,-13.0992,-54.8189
South America,Medium,BRA,BRA0000215,Barra do BraÃºna,39,2009,2003,2012,-21.45,-42.4
South America,Medium,BRA,BRA0000291,Bonfante,19,2008,2002,2011,-22.0089,-43.2653
South America,Small,BRA,BRA0000345,Caboclo,4.16,2014,2008,2017,-20.495,-43.4828
South America,Medium,BRA,BRA0000718,Castro Alves,130.845,2008,2002,2011,-29.0083,-51.3792
South America,Small,BRA,BRA0000868,CorumbataÃ­,1.7,2008,2002,2011,-22.4833,-47.6
South America,Small,BRA,BRA0001025,GaviÃ£o Peixoto,4.8,2007,2001,2010,-21.85,-48.5167
South America,Large,BRA,BRA0001146,Irapé,399,2006,2002,2009,-16.7381,-42.5747
South America,Medium,BRA,BRA0001147,Irara,30,2008,2002,2011,-18.0833,-51.1667
South America,Medium,BRA,BRA0001498,Monte Serrat,25,2009,2003,2012,-22.0197,-43.3022
South America,Medium,BRA,BRA0001959,Paracambi,25,2012,2006,2015,-22.6833,-43.7667
South America,Medium,BRA,BRA0002045,Pery,30,2013,2007,2016,-27.4578,-50.6406
South America,Small,BRA,BRA0002054,Picada 48,1.4014,2012,2006,2015,-29.5833,-51.1278
South America,Medium,BRA,BRA0002069,Pipoca,20,2010,2004,2013,-19.75,-41.7667
South America,Medium,BRA,BRA0002133,Angelina (Antiga Portobello - Corredeira do Encano),26.29,2010,2004,2013,-27.4547,-48.9828
South America,Medium,BRA,BRA0002547,Rondon,13,2011,2005,2014,-12.9036,-58.9128
South America,Small,BRA,BRA0002570,SalesÃ³polis,1,2008,2002,2011,-23.5633,-45.8364
South America,Small,BRA,BRA0002707,SÃ£o Valentim,1.45,2009,2003,2012,-21.7433,-47.4189
South America,Medium,BRA,BRA0002754,SÃ­tio Grande,25,2010,2004,2013,-12.4167,-45.1167
South America,Medium,BRA,BRA0026732,Santa Rosa II,30,2008,2002,2011,-22.0991,-42.2669
South America,Large,BRA,BRA0026792, Santo Antonio do Jari ,373.4,2014,2011,2017,-0.65,-52.5167
South America,Medium,BRA,BRA0026834,SÃ£o JoÃ£o,25,2007,2001,2010,-20.5081,-41.2808
South America,Small,BRA,BRA0027066,Funil,3.6,2014,2008,2017,-20.4967,-43.4722
South America,Small,BRA,BRA0027096,SÃ£o Pedro,1.5,2007,2001,2010,-23.2744,-47.2392
South America,Medium,BRA,BRA0027448,Rondon II,73.5,2011,2005,2014,-11.9975,-60.6972
South America,Medium,BRA,BRA0027484,Amador Aguiar II (Antiga Capim Branco II),210,2007,2001,2010,-18.6597,-48.4353
South America,Medium,BRA,BRA0027530,Barra da PaciÃªncia,23,2011,2005,2014,-18.95,-42.6
South America,Small,BRA,BRA0027572,VÃ¡rzea Alegre,7.5,2011,2005,2014,-19.9861,-41.7169
South America,Small,BRA,BRA0027575,FumaÃ§a IV,4.5,2008,2002,2011,-20.7492,-41.8761
South America,Small,BRA,BRA0027576,Ninho da Ãguia,10,2011,2005,2014,-22.5,-45.3333
South America,Medium,BRA,BRA0027645,Funil,22.5,2008,2002,2011,-19.0833,-42.85
South America,Medium,BRA,BRA0027672,Calheiros,19,2008,2002,2011,-20.9847,-41.71
South America,Medium,BRA,BRA0027673,SÃ£o GonÃ§alo (Antiga Santa BÃ¡rbara),11,2010,2004,2013,-19.8167,-43.25
South America,Small,BRA,BRA0027719,Salto,4.24,2014,2008,2017,-20.4942,-43.4506
South America,Small,BRA,BRA0027728,Cocais Grande,10,2009,2003,2012,-19.5319,-42.7672
South America,Small,BRA,BRA0027729,Varginha,9,2010,2004,2013,-20.0431,-41.7478
South America,Small,BRA,BRA0027730,Cristina,3.8,2011,2005,2014,-22.1578,-45.2806
South America,Medium,BRA,BRA0027731,Carangola,15,2008,2002,2011,-20.7019,-42.0394
South America,Medium,BRA,BRA0027842,Corrente Grande,14,2011,2005,2014,-18.95,-42.5167
South America,Medium,BRA,BRA0027876,Linha EmÃ­lia,19.5,2009,2003,2012,-28.9333,-51.7667
South America,Medium,BRA,BRA0027877,CotiporÃ£,19.5,2008,2002,2011,-28.9666,-51.75
South America,Medium,BRA,BRA0027878,CaÃ§ador,22.5,2008,2002,2011,-28.7055,-51.8506
South America,Medium,BRA,BRA0027910,Areia Branca,19.8,2010,2004,2013,-19.5761,-41.8028
South America,Medium,BRA,BRA0027940,CachoeirÃ£o,27,2008,2002,2011,-19.4367,-41.6142
South America,Medium,BRA,BRA0027972,Santa Laura,15,2007,2001,2010,-26.7666,-52.3178
South America,Medium,BRA,BRA0027985,SÃ£o Joaquim,21,2008,2002,2011,-20.6131,-40.7878
South America,Medium,BRA,BRA0028171,SÃ£o SimÃ£o,27.42,2009,2003,2012,-20.6167,-41.4833
South America,Medium,BRA,BRA0028182,Santa Edwiges III,11.6,2009,2003,2012,-14.3717,-46.2914
South America,Medium,BRA,BRA0028203,Salto,19,2007,2001,2010,-15.2881,-58.7106
South America,Small,BRA,BRA0028204,Dona Maria Piana,1,2010,2004,2013,-29.2,-51.25
South America,Small,BRA,BRA0028242,Santa Terezinha,1,2009,2003,2012,-22.3128,-46.1986
South America,Medium,BRA,BRA0028352,CorumbÃ¡ III,96.447,2009,2003,2012,-16.7861,-47.9419
South America,Large,BRA,BRA0028353,Peixe Angical,498.75,2006,2002,2009,-12.2391,-48.3824
South America,Large,BRA,BRA0028354,Foz do Chapecó,855,2010,2007,2013,-27.1417,-53.0397
South America,Medium,BRA,BRA0028355,Serra do FacÃ£o,212.58,2010,2004,2013,-18.0667,-47.6667
South America,Medium,BRA,BRA0028380,Francisco Gross (Antiga Santa FÃ©),29,2009,2003,2012,-20.7,-41.5167
South America,Medium,BRA,BRA0028388,SÃ£o Domingos II,24.3,2009,2003,2012,-13.4122,-46.3692
South America,Medium,BRA,BRA0028446,Areia,11.4,2011,2005,2014,-11.6986,-46.7361
South America,Medium,BRA,BRA0028447,Ãgua Limpa,14,2010,2004,2013,-11.6922,-46.705
South America,Medium,BRA,BRA0028562,Monjolinho (Antiga Alzir dos Santos Antunes),74,2009,2003,2012,-27.3456,-52.7311
South America,Medium,BRA,BRA0028564,Salto PilÃ£o,191.89,2009,2003,2012,-27.1167,-49.5
South America,Medium,BRA,BRA0028567,SÃ£o Salvador,243.2,2009,2003,2012,-12.8098,-48.2393
South America,Medium,BRA,BRA0028653,Salto TrÃªs de Maio,20,2010,2004,2013,-8.7464,-55.0325
South America,Medium,BRA,BRA0028670,Paiol,20,2010,2004,2013,-18.5992,-41.8478
South America,Small,BRA,BRA0028671,Salto Buriti,10,2008,2002,2011,-8.7748,-54.9504
South America,Medium,BRA,BRA0028672,Salto CuruÃ¡,30,2008,2002,2011,-8.7735,-54.9572
South America,Medium,BRA,BRA0028673,UnaÃ­ Baixo,26,2012,2006,2015,-16.1833,-47.0333
South America,Medium,BRA,BRA0028715,Jararaca,28,2008,2002,2011,-28.9361,-51.4648
South America,Medium,BRA,BRA0028725,Da Ilha,26,2008,2002,2011,-28.8833,-51.45
South America,Medium,BRA,BRA0028734,Anhanguera,22.68,2010,2004,2013,-20.4667,-47.8667
South America,Medium,BRA,BRA0028737,Planalto,17,2009,2003,2012,-18.7833,-52.3833
South America,Medium,BRA,BRA0028738,Retiro,16,2014,2008,2017,-20.4363,-47.8882
South America,Medium,BRA,BRA0028747,SÃ£o Francisco,14,2010,2004,2013,-24.7331,-53.8928
South America,Medium,BRA,BRA0028748,Alto Irani,21,2008,2002,2011,-27.0094,-52.4303
South America,Medium,BRA,BRA0028752,Santa FÃ© I,30,2008,2002,2011,-22.0231,-43.1628
South America,Medium,BRA,BRA0028753,Buriti,30,2007,2001,2010,-19.3333,-52.6667
South America,Medium,BRA,BRA0028754,Plano Alto,16,2008,2002,2011,-26.9578,-52.3404
South America,Medium,BRA,BRA0028755,Arvoredo,13,2010,2004,2013,-27.0667,-52.4833
South America,Medium,BRA,BRA0028756,CaÃ§u,65,2010,2004,2013,-18.5294,-51.15
South America,Medium,BRA,BRA0028757,Barra dos Coqueiros,90,2010,2004,2013,-18.7233,-51.0031
South America,Medium,BRA,BRA0028758,Salto,116,2010,2004,2013,-18.8083,-51.1694
South America,Medium,BRA,BRA0028760,Salto do Rio Verdinho,93,2010,2004,2013,-19.1456,-50.7672
South America,Medium,BRA,BRA0028761,SÃ£o Domingos,48,2013,2007,2016,-20.0833,-53.1747
South America,Medium,BRA,BRA0028771,Retiro Velho,18,2009,2003,2012,-18.8197,-52.1775
South America,Medium,BRA,BRA0028772,BraÃ§o Norte IV,14,2007,2001,2010,-9.6833,-54.9667
South America,Medium,BRA,BRA0028782,Novo Horizonte,23,2011,2005,2014,-25.0114,-48.6222
South America,Small,BRA,BRA0028798,TudelÃ¢ndia,2.4,2010,2004,2013,-21.9253,-41.9569
South America,Medium,BRA,BRA0028800,Palmeiras,16.5,2012,2006,2015,-20.548,-47.8136
South America,Medium,BRA,BRA0028801,Ludesa,30,2007,2001,2010,-26.5778,-52.4961
South America,Medium,BRA,BRA0028802,Alto Benedito Novo I,15,2008,2002,2011,-26.7667,-49.4333
South America,Medium,BRA,BRA0028803,Goiandira,27,2010,2004,2013,-18.2167,-48.25
South America,Medium,BRA,BRA0028804,Pirapetinga,20,2009,2003,2012,-21.1208,-41.72
South America,Medium,BRA,BRA0028805,Pedra do GarrafÃ£o,19,2009,2003,2012,-21.1986,-41.3764
South America,Medium,BRA,BRA0028806,SÃ£o Tadeu I,18,2010,2004,2013,-15.7533,-55.5458
South America,Medium,BRA,BRA0028807,Piedade,21.69,2010,2004,2013,-18.6889,-49.0089
South America,Medium,BRA,BRA0028817,Alto SucuriÃº,29,2008,2002,2011,-19.245,-52.8994
South America,Medium,BRA,BRA0028819,Parecis,15.4,2011,2005,2014,-13.0742,-58.9754
South America,Medium,BRA,BRA0028820,TelegrÃ¡fica,30,2011,2005,2014,-12.8486,-58.9261
South America,Medium,BRA,BRA0028821,Sapezal,16,2011,2005,2014,-13.2656,-59.0194
South America,Medium,BRA,BRA0028822,Segredo,26.118,2013,2007,2016,-13.2295,-59.0317
South America,Small,BRA,BRA0028823,SÃ£o JosÃ©,4,2012,2006,2015,-21.9381,-46.8158
South America,Medium,BRA,BRA0028825,SÃ£o LourenÃ§o (Antiga ZÃ© Fernando),29.1,2009,2003,2012,-16.2167,-54.9333
South America,Small,BRA,BRA0028826,SÃ£o Joaquim,3,2011,2005,2014,-21.8756,-46.8864
South America,Medium,BRA,BRA0028829,MambaÃ­ II,12,2008,2002,2011,-14.6828,-46.2961
South America,Small,BRA,BRA0028830,Faxinal dos Guedes,4,2007,2001,2010,-26.7636,-52.2183
South America,Small,BRA,BRA0028831,Salto das Flores,6.7,2011,2005,2014,-26.6667,-53.6639
South America,Medium,BRA,BRA0028832,Paranatinga II,29.02,2008,2002,2011,-13.8517,-53.2558
South America,Medium,BRA,BRA0028834,JataÃ­,30,2008,2002,2011,-17.8933,-51.7233
South America,Medium,BRA,BRA0028835,Ilha Comprida,20.16,2013,2007,2016,-13.1975,-58.9839
South America,Medium,BRA,BRA0028836,Cidezal,17,2011,2005,2014,-13.37,-59.0126
South America,Small,BRA,BRA0028837,Sucupira,4.5,2008,2002,2011,-15.9919,-55.0872
South America,Small,BRA,BRA0028838,Pequi,6,2008,2002,2011,-16.0033,-55.1153
South America,Medium,BRA,BRA0028840,Primavera,24.743,2007,2001,2010,-11.9044,-61.2353
South America,Medium,BRA,BRA0028842,Mucuri,19.1,2013,2007,2016,-17.5833,-40.9833
South America,Small,BRA,BRA0028844,Santa Rosa,6.5,2013,2007,2016,-27.897,-50.2862
South America,Medium,BRA,BRA0028845,Engenheiro JosÃ© GelÃ¡sio da Rocha,24.435,2007,2001,2010,-16.7,-54.76
South America,Medium,BRA,BRA0028848,RondonÃ³polis,26.6,2007,2001,2010,-16.6694,-54.7358
South America,Small,BRA,BRA0028849,Ã‚ngelo Cassol,3.6,2011,2005,2014,-11.93,-62.1008
South America,Medium,BRA,BRA0028852,Flor do SertÃ£o,16.5,2007,2001,2010,-26.7877,-53.3942
South America,Medium,BRA,BRA0028853,Sete Quedas Alta,22,2010,2004,2013,-16.305,-55.0561
South America,Large,BRA,BRA0028863,Estreito,"1,087.00",2011,2007,2014,-6.5872,-47.4594
South America,Medium,BRA,BRA0028921,ItaguaÃ§u,14,2013,2007,2016,-24.6933,-51.5192
South America,Small,BRA,BRA0028931,Salto Donner I,1.88,2007,2001,2010,-26.7572,-49.4556
South America,Medium,BRA,BRA0028967,Marco Baldo,16.55,2011,2005,2014,-27.57,-53.7858
South America,Medium,BRA,BRA0028968,Ouro,16,2009,2003,2012,-27.6367,-51.49
South America,Medium,BRA,BRA0028969,Toca do Tigre,11.8403,2013,2007,2016,-27.5453,-53.8053
South America,Medium,BRA,BRA0028971,Santana I,14.758,2012,2006,2015,-14.3911,-56.8289
South America,Medium,BRA,BRA0028986,SÃ£o Pedro,30,2009,2003,2012,-20.325,-40.6347
South America,Small,BRA,BRA0028987,Inhapim,6,2014,2008,2017,-19.5317,-42.1231
South America,Medium,BRA,BRA0028988,Pezzi,19,2012,2006,2015,-28.7912,-50.5643
South America,Medium,BRA,BRA0028995,Porto das Pedras,28.03,2008,2002,2011,-19.4736,-52.5397
South America,Medium,BRA,BRA0028996,Santa Gabriela,24,2009,2003,2012,-17.5375,-54.4333
South America,Medium,BRA,BRA0028997,Colino 2,16,2008,2002,2011,-17.0725,-40.1047
South America,Medium,BRA,BRA0028999,Cachoeira da Lixa,14.8,2008,2002,2011,-17.0742,-40.0683
South America,Medium,BRA,BRA0029001,Palanquinho,24.165,2010,2004,2013,-28.9039,-50.8119
South America,Medium,BRA,BRA0029002,CriÃºva,23.949,2010,2004,2013,-28.9808,-50.7825
South America,Medium,BRA,BRA0029004,Colino 1,11,2008,2002,2011,-17.0778,-40.0853
South America,Medium,BRA,BRA0029013,Ponte Alta,13,2007,2001,2010,-19.4103,-54.4931
South America,Medium,BRA,BRA0029048,Divisa,10.8,2011,2005,2014,-13.3631,-59.1419
South America,Medium,BRA,BRA0029049,Ibirama,21,2010,2004,2013,-27.0372,-49.5708
South America,Medium,BRA,BRA0029057,Lagoa Grande,25.6,2008,2002,2011,-12.1525,-46.8177
South America,Small,BRA,BRA0029058,Riacho Preto,9.3,2008,2002,2011,-11.9505,-46.7555
South America,Medium,BRA,BRA0029059,Porto Franco,30,2009,2003,2012,-11.8142,-46.7831
South America,Medium,BRA,BRA0029060,Boa Sorte,16,2008,2002,2011,-11.8803,-46.7717
South America,Medium,BRA,BRA0029063,Boa FÃ©,24,2011,2005,2014,-28.7527,-51.8436
South America,Medium,BRA,BRA0029066,Nova Aurora,21,2011,2005,2014,-18.1428,-48.27
South America,Medium,BRA,BRA0029067,SÃ£o Paulo,16,2012,2006,2015,-28.7666,-51.8333
South America,Medium,BRA,BRA0029071,AutÃ³dromo,24,2011,2005,2014,-28.8258,-51.8414
South America,Medium,BRA,BRA0029072,Victor Baptista Adami (Antiga Passos Maia),25,2012,2006,2015,-26.7086,-51.9197
South America,Medium,BRA,BRA0029114,Lavrinhas,30,2011,2005,2014,-22.5667,-44.8631
South America,Medium,BRA,BRA0029115,Queluz,30,2011,2005,2014,-22.55,-44.8
South America,Medium,BRA,BRA0029118,Pontal do Prata,13.774,2012,2006,2015,-18.7414,-52.2867
South America,Medium,BRA,BRA0029119,Santo AntÃ´nio do CaiapÃ³,30,2012,2006,2015,-16.4433,-51.3914
South America,Small,BRA,BRA0029137,SÃ£o MaurÃ­cio,2.5,2010,2004,2013,-28.1356,-49.1219
South America,Small,BRA,BRA0029139,Nova FÃ¡tima,4.1,2012,2006,2015,-28.0411,-49.13
South America,Small,BRA,BRA0029140,Rio Fortuna,6.85,2012,2006,2015,-28.1217,-49.1356
South America,Medium,BRA,BRA0029141,Barra do Rio ChapÃ©u,15.15,2013,2007,2016,-28.0678,-49.1508
South America,Medium,BRA,BRA0029145,FigueirÃ³polis,19.41,2010,2004,2013,-15.3926,-58.6378
South America,Small,BRA,BRA0029154,Mestre,2,2015,2009,2018,-15.9781,-55.3594
South America,Medium,BRA,BRA0029159,Rodeio Bonito,14.68,2009,2003,2012,-27.1106,-52.4806
South America,Small,BRA,BRA0029163,Coronel AraÃºjo,5.8,2007,2001,2010,-26.6725,-51.7525
South America,Small,BRA,BRA0029165,Contestado,5.6,2007,2001,2010,-26.6733,-51.7169
South America,Medium,BRA,BRA0029180,CantÃº 2,19.8071,2015,2009,2018,-24.7458,-52.4681
South America,Medium,BRA,BRA0029184,BocaiÃºva,30,2010,2004,2013,-12.5303,-57.8808
South America,Small,BRA,BRA0029217,Caju,3.2,2007,2001,2010,-26.9517,-52.4594
South America,Small,BRA,BRA0029225,Cachoeirinha,1,2007,2001,2010,-26.7706,-52.1786
South America,Medium,BRA,BRA0029245,Engenheiro Ernesto Jorge Dreher,17.87,2009,2003,2012,-29.1203,-53.3678
South America,Medium,BRA,BRA0029246,Engenheiro Henrique Kotzian,13,2011,2005,2014,-29.1306,-53.3156
South America,Small,BRA,BRA0029296,JacarÃ© Pepira,2,2010,2004,2013,-22.425,-48.02
South America,Small,BRA,BRA0029324,Serra,1,2011,2005,2014,-22.5169,-43.6922
South America,Medium,BRA,BRA0029332,JoÃ£o Borges,18.99,2013,2007,2016,-27.7178,-50.6569
South America,Medium,BRA,BRA0029367,GraÃ§a Brennand (Antiga Terra Santa),27.4,2008,2002,2011,-14.793,-57.9672
South America,Small,BRA,BRA0029373,Cascata Chupinguaia,9.6,2009,2003,2012,-12.7139,-60.8717
South America,Medium,BRA,BRA0029376,Pampeana,27.99,2009,2003,2012,-14.8301,-57.9116
South America,Small,BRA,BRA0029430,Santa Izabel,1,2009,2003,2012,-20.4183,-54.4197
South America,Medium,BRA,BRA0029434,Santa Cruz de Monte Negro,17.01,2014,2008,2017,-10.2303,-63.2336
South America,Medium,BRA,BRA0029435,Jamari,20,2015,2009,2018,-9.9537,-63.0917
South America,Medium,BRA,BRA0029436,CanaÃ£,17,2015,2009,2018,-9.9439,-63.0642
South America,Medium,BRA,BRA0029453,Baguari,140.544,2009,2003,2012,-19.022,-42.123
South America,Medium,BRA,BRA0029454,Batalha (Antiga Paulista),52.5,2014,2008,2017,-17.35,-47.4833
South America,Medium,BRA,BRA0029455,Engenheiro JosÃ© Luiz Muller de Godoy Pereira (Antiga Foz do Rio Claro),68.4,2010,2004,2013,-19.1178,-50.6456
South America,Medium,BRA,BRA0029456,Passo SÃ£o JoÃ£o,77,2012,2006,2015,-28.1394,-55.0478
South America,Medium,BRA,BRA0029457,Retiro Baixo,83.657,2010,2004,2013,-18.8944,-44.7817
South America,Large,BRA,BRA0029458,Simplício,305.7,2013,2007,2016,-21.9211,-42.7903
South America,Medium,BRA,BRA0029459,SÃ£o JosÃ©,51,2011,2005,2014,-28.18,-54.825
South America,Small,BRA,BRA0029514,Albano Machado,3,2011,2005,2014,-27.4967,-52.8036
South America,Small,BRA,BRA0029517,Rio Suspiro,1,2010,2004,2013,-15.0625,-53.9433
South America,Small,BRA,BRA0029518,CÃ³rrego Santa Cruz,1,2010,2004,2013,-12.6456,-58.3189
South America,Small,BRA,BRA0029560,Barra Escondida,2.25,2009,2003,2012,-26.9039,-53.0297
South America,Small,BRA,BRA0029589,Wasser Kraft,1.4,2009,2003,2012,-26.4464,-53.405
South America,Small,BRA,BRA0029590,Ãndio CondÃ¡,2.9,2015,2009,2018,-27.1382,-52.7004
South America,Medium,BRA,BRA0029597,Dardanelos,261,2011,2005,2014,-10.1633,-59.4642
South America,Large,BRA,BRA0029598,Governador Jayme Canet Júnior,363.138,2012,2008,2015,-24.0622,-50.7064
South America,Small,BRA,BRA0029644,JoÃ£o Franco,1,2015,2009,2018,-21.8344,-46.0919
South America,Medium,BRA,BRA0029646,Malagone,19,2010,2004,2013,-18.6806,-48.4908
South America,Medium,BRA,BRA0029648,Tamboril,29.328,2015,2009,2018,-16.5352,-51.4803
South America,Medium,BRA,BRA0029652,Santa Luzia Alto,28.5,2011,2005,2014,-26.6119,-52.5297
South America,Small,BRA,BRA0029666,Pedra Furada,6.5,2012,2006,2015,-8.5164,-35.4839
South America,Small,BRA,BRA0029696,MAX-01 (Nova Lacerda),2.5,2015,2009,2018,-14.4178,-59.5236
South America,Large,BRA,BRA0029707,Santo Antônio,"3,568.00",2012,2008,2015,-8.8011,-63.9497
South America,Small,BRA,BRA0029710,SÃ£o Valentim,2.448,2013,2007,2016,-27.3233,-49.0267
South America,Small,BRA,BRA0029711,Aguti,3.893,2011,2005,2014,-27.3156,-49.0858
South America,Small,BRA,BRA0029712,SÃ£o SebastiÃ£o,3.699,2012,2006,2015,-27.3197,-49.0367
South America,Small,BRA,BRA0029714,GalÃ³polis,1.5,2009,2003,2012,-29.2501,-51.1676
South America,Medium,BRA,BRA0029721,Pirapora,25.024,2014,2008,2017,-23.383,-46.983
South America,Small,BRA,BRA0029723,Cachoeira do Brumado,2.34,2010,2004,2013,-21.8528,-43.8886
South America,Medium,BRA,BRA0029725,Moinho,13.7,2011,2005,2014,-27.7539,-51.3122
South America,Small,BRA,BRA0029726,Caju,10,2011,2005,2014,-21.8958,-42.0791
South America,Medium,BRA,BRA0029727,SÃ£o SebastiÃ£o do Alto,13.2,2011,2005,2014,-21.935,-42.0885
South America,Small,BRA,BRA0029728,Santo AntÃ´nio,8,2012,2006,2015,-22.1358,-42.3483
South America,Large,BRA,BRA0029736,Jirau,"3,750.00",2013,2008,2016,-9.2664,-64.6478
South America,Small,BRA,BRA0029769,Coqueiral,3.164,2010,2004,2013,-27.5158,-49.0781
South America,Small,BRA,BRA0029778,Santa Ana,6.304,2010,2004,2013,-27.4983,-49.0353
South America,Small,BRA,BRA0029800,Ernesto Lavratti Neto,1,2015,2009,2018,-26.5531,-52.3272
South America,Small,BRA,BRA0029804,Buritirana,1.12,2008,2002,2011,-11.9272,-46.2972
South America,Small,BRA,BRA0029898,Lajeado do Posto,1,2009,2003,2012,-26.5439,-52.3694
South America,Small,BRA,BRA0029945,Rio Mato,1.2,2014,2008,2017,-26.7989,-51.9503
South America,Medium,BRA,BRA0030001,BraÃ§o,11.52,2011,2005,2014,-22.7833,-44.2333
South America,Small,BRA,BRA0030042,EsperanÃ§a,2.4,2012,2006,2015,-13.7786,-59.7889
South America,Small,BRA,BRA0030057,Rio dos Ãndios,8,2013,2007,2016,-27.2811,-52.7948
South America,Small,BRA,BRA0030064,TambaÃº,8.806,2013,2007,2016,-27.44,-53.5614
South America,Medium,BRA,BRA0030078,IndaiÃ¡ Grande,19.998,2012,2006,2015,-19.2836,-52.3983
South America,Medium,BRA,BRA0030079,Indaiazinho  (Antiga Indaiazinho Grande),12.5,2012,2006,2015,-19.2008,-52.3542
South America,Small,BRA,BRA0030091,Belmonte,3.6,2012,2006,2015,-26.8333,-53.6667
South America,Small,BRA,BRA0030092,Bandeirante,3,2012,2006,2015,-26.7994,-53.6667
South America,Small,BRA,BRA0030093,Prata,3,2011,2005,2014,-26.7625,-53.6656
South America,Small,BRA,BRA0030123,Pardos,10,2013,2007,2016,-26.4458,-50.9878
South America,Small,BRA,BRA0030148,Oliveira,2.88,2010,2004,2013,-20.7667,-44.6833
South America,Small,BRA,BRA0030151,Lambedor,1.0008,2011,2005,2014,-27.1456,-52.8392
South America,Small,BRA,BRA0030183,Passo Ferraz,4,2011,2005,2014,-26.7546,-52.3838
South America,Medium,BRA,BRA0030185,MaracanÃ£,10.5,2013,2007,2016,-14.3389,-57.6192
South America,Small,BRA,BRA0030227,Miranda EstÃ¢ncia,1.94,2009,2003,2012,-13.5542,-59.9353
South America,Small,BRA,BRA0030242,Cachoeirinha,1.25,2015,2009,2018,-22.57,-46.41
South America,Small,BRA,BRA0030243,Peixe,1,2011,2005,2014,-22.6083,-46.4417
South America,Small,BRA,BRA0030245,Espraiado,1.25,2010,2004,2013,-22.35,-46.225
South America,Small,BRA,BRA0030260,Feixos,1.3,2011,2005,2014,-22.6975,-46.8512
South America,Small,BRA,BRA0030263,Xavantina,6.075,2015,2009,2018,-27.0264,-52.3753
South America,Small,BRA,BRA0030265,Ilha da Luz,3.8,2012,2006,2015,-20.8342,-41.1225
South America,Medium,BRA,BRA0030272,Queixada,30,2012,2006,2015,-18.7342,-51.7952
South America,Small,BRA,BRA0030287,Rastro de Auto,7.02,2013,2007,2016,-29.0619,-52.2181
South America,Medium,BRA,BRA0030312,Galheiros I,12.06,2012,2006,2015,-13.3934,-46.3906
South America,Medium,BRA,BRA0030337,Serra dos Cavalinhos II,29,2013,2007,2016,-28.79,-50.7444
South America,Medium,BRA,BRA0030338,Salto GÃ³es,20,2012,2006,2015,-27.1044,-51.2861
South America,Small,BRA,BRA0030353,Salto Donner II,2.89,2012,2006,2015,-26.7567,-49.4461
South America,Small,BRA,BRA0030379,SÃ£o Jorge,8.7,2014,2008,2017,-26.7094,-53.3922
South America,Small,BRA,BRA0030382,Rondinha,9.6,2014,2008,2017,-26.6825,-52.045
South America,Medium,BRA,BRA0030385,Ferreira Gomes,252,2014,2008,2017,0.852,-51.2
South America,Small,BRA,BRA0030400,Abranjo I,4.86,2014,2008,2017,-30.7944,-52.6272
South America,Small,BRA,BRA0030404,Farias,1.35,2015,2009,2018,-19.067,-42.8092
South America,Small,BRA,BRA0030407,Morrinhos,2.25,2014,2008,2017,-30.3176,-51.8654
South America,Medium,BRA,BRA0030415,Garibaldi,191.9,2013,2007,2016,-27.6217,-50.9882
South America,Small,BRA,BRA0030426,Girassol,1,2010,2004,2013,-13.9969,-45.403
South America,Medium,BRA,BRA0030458,Cavernoso II,19.008,2013,2007,2016,-25.4933,-52.225
South America,Small,BRA,BRA0030525,RS-155,5.982,2012,2006,2015,-28.3118,-53.895
South America,Small,BRA,BRA0030526,SÃ£o SebastiÃ£o,9.9,2012,2006,2015,-27.3897,-49.0178
South America,Large,BRA,BRA0030557,Teles Pires,"1,819.80",2015,2011,2018,-9.341,-56.7774
South America,Small,BRA,BRA0030577,Dalba,1,2014,2008,2017,-25.2817,-51.877
South America,Small,BRA,BRA0030597,ZÃ© Tunin,8,2012,2006,2015,-21.315,-42.9446
South America,Small,BRA,BRA0030650,Novo Colorado,2.99999,2015,2009,2018,-13.9848,-57.067
South America,Small,BRA,BRA0030687,Alto BrejaÃºba,1.35,2015,2009,2018,-18.9011,-42.446
South America,Small,BRA,BRA0030688,Brejauba,1.35,2015,2009,2018,-18.9114,-42.44
South America,Small,BRA,BRA0030689,Pitangas,1.25,2015,2009,2018,-19.08,-42.685
South America,Small,BRA,BRA0030781,Corrente Grande,1.25,2012,2006,2015,-18.89,-42.724
South America,Small,BRA,BRA0030794,Pito,4,2015,2009,2018,-27.5801,-51.3543
South America,Small,BRA,BRA0030796,Bertussi,1,2011,2005,2014,-28.8669,-50.939
South America,Small,BRA,BRA0030813,CambarÃ¡,3.59,2012,2006,2015,-15.9697,-55.0883
South America,Small,BRA,BRA0030814,EmbaÃºba,4.5,2012,2006,2015,-15.9825,-55.0828
South America,Small,BRA,BRA0030836,Moinho,3.7,2015,2009,2018,-24.4181,-54.0271
South America,Small,BRA,BRA0030847,Miradouro,1.26,2012,2006,2015,-20.865,-42.355
South America,Small,BRA,BRA0030866,Limeira,1.26,2012,2006,2015,-21.0142,-42.461
South America,Small,BRA,BRA0030879,Bela UniÃ£o (Trincheira),2.25,2015,2009,2018,-27.7808,-54.3734
South America,Small,BRA,BRA0030935,Faria Lemos,1.224,2013,2007,2016,-20.7942,-42
South America,Small,BRA,BRA0030954,AntÃ´nio Dias,1.35,2015,2009,2018,-19.6047,-42.8583
South America,Small,BRA,BRA0030961,Santa Helena,5.335,2014,2008,2017,-17.7561,-44.4725
South America,Small,BRA,BRA0030983,Limoeiro,1.25,2015,2009,2018,-22.5781,-46.4194
South America,Small,BRA,BRA0031005,Pacheco,2,2010,2004,2013,-26.5845,-52.1836
South America,Small,BRA,BRA0031007,Divino,1.251,2013,2007,2016,-20.6994,-42.075
South America,Small,BRA,BRA0031041,Frascal,2.2,2015,2009,2018,-26.9564,-50.4889
South America,Medium,BRA,BRA0031042,Nova Mutum,14,2014,2008,2017,-13.5903,-56.2171
South America,Small,BRA,BRA0031050,Cesar Filho,7,2014,2008,2017,-12.2698,-61.1862
South America,Small,BRA,BRA0031051,Pirapanema,1.26,2013,2007,2016,-21.0172,-42.4408
South America,Small,BRA,BRA0031090,BoqueirÃ£o,1,2013,2007,2016,-7.4878,-36.1386
South America,Small,BRA,BRA0031092,AnagÃ©,1,2013,2007,2016,-14.6286,-41.1889
South America,Small,BRA,BRA0031099,Sodre,1.012,2013,2007,2016,-22.65,-45.3
South America,Small,BRA,BRA0031142,GlÃ³ria,1,2013,2007,2016,-16.0311,-55.3611
South America,Small,BRA,BRA0031144,DurandÃ©,3,2013,2007,2016,-20.0797,-41.7336
South America,Small,BRA,BRA0031216,Arroio Trinta,1,2013,2007,2016,-26.88,-51.2797
South America,Small,BRA,BRA0031244,Doido,6,2015,2009,2018,-11.7098,-46.7563
South America,Small,BRA,BRA0031249,Pardo,1.25,2015,2009,2018,-21.9042,-46.2681
South America,Small,BRA,BRA0031277,Santa BÃ¡rbara,1.1,2013,2007,2016,-20.8061,-42.3636
Asia,Medium,IND,IND0000005,ALLAIN DUHANGAN,192,2010,2004,2013,32.2258,77.207
Asia,Medium,IND,IND0000052,BHAWANI KATTALAI -II,30,2013,2007,2016,11.331,77.758
Asia,Medium,IND,IND0000053,BHAWANI KATTALAI -III,30,2012,2006,2015,11.2428,77.8659
Asia,Medium,IND,IND0000070,BUDHIL,70,2012,2006,2015,32.4584,76.532
Asia,Medium,IND,IND0000075,CHAMERA-III,231,2012,2006,2015,32.4733,76.44
Asia,Medium,IND,IND0000084,CHUTAK,44,2012,2006,2015,34.4903,76.1137
Asia,Medium,IND,IND0000085,CHUZACHEN,110,2013,2007,2016,27.2093,88.6659
Asia,Medium,IND,IND0000129,GHATGHAR PSS,250,2008,2002,2011,19.5334,73.6509
Asia,Medium,IND,IND0000161,JORETHANG LOOP,96,2015,2009,2018,27.1598,88.2924
Asia,Medium,IND,IND0000181,KARBI LANGPI,100,2007,2001,2010,25.9552,92.5171
Asia,Large,IND,IND0000182,KARCHAM WANGTOO,"1,000.00",2011,2005,2014,31.5156,78.1073
Asia,Medium,IND,IND0000226,KUTTIYADI Add ext,100,2010,2004,2013,11.5484,75.8988
Asia,Medium,IND,IND0000236,LOWER JURALA,240,2015,2009,2018,16.3125,77.7773
Asia,Medium,IND,IND0000282,MYNTDU,126,2012,2006,2015,25.2354,92.2279
Asia,Medium,IND,IND0000303,NIMOO BAZGO,45,2013,2007,2016,34.2154,77.1842
Asia,Large,IND,IND0000312,OMKARESHWAR,520,2007,2003,2010,22.2418,76.1619
Asia,Large,IND,IND0000326,PARBATI-III,520,2014,2003,2017,31.7398,77.2576
Asia,Medium,IND,IND0000345,PRIYADARSHNI JURALA,234,2009,2003,2012,16.3328,77.7036
Asia,Large,IND,IND0000347,PURULIA PSS,900,2007,2002,2010,23.1975,86.097
Asia,Large,IND,IND0000366,RAMPUR,412.02,2013,2006,2016,31.4,77.5927
Asia,Medium,IND,IND0000400,SEWA-II,120,2010,2004,2013,32.6762,75.8215
Asia,Large,IND,IND0000422,Alaknanda ,330,2015,2006,2018,30.2313,78.7924
Asia,Medium,IND,IND0000448,TEESTA LOW DAM-III,132,2013,2007,2016,27.0017,88.443
Asia,Medium,IND,IND0000487,URI -II,240,2013,2007,2016,34.0921,74.0318
North America,Medium,USA,USA0000093,Blue Lake Hydro,15.9,2014,2008,2017,57.0516,-135.2297
North America,Small,USA,USA0000466,Boulder Canyon Hydro,5,2013,2007,2016,40.0047,-105.3325
North America,Small,USA,USA0001359,Mother Ann Lee,2.1,2008,2002,2011,37.8297,-84.7247
North America,Medium,USA,USA0002193,Rainbow (MT),59,2013,2007,2016,47.5344,-111.2045
North America,Small,USA,USA0004120,New Badger,8.2,2014,2008,2017,44.2772,-88.2678
North America,Small,USA,USA0006394,Swift Creek,1.7,2010,2004,2013,42.7284,-110.9166
North America,Small,USA,USA0010323,Copper Dam Plant,2.6,2015,2009,2018,45.6652,-121.5238
North America,Small,USA,USA0010424,Gross Hydro Plant,7.8,2007,2001,2010,39.9456,-105.3565
North America,Small,USA,USA0056615,Rancho Penasquitos,4.6,2007,2001,2010,32.937,-117.1137
North America,Small,USA,USA0056893,Chester Diversion Hydroelectric Project,3.6,2014,2008,2017,44.0183,-111.5836
North America,Medium,USA,USA0056997,Arrowrock Hydroelectric Project,15,2010,2004,2013,43.595,-115.9233
North America,Medium,USA,USA0057085,Lake Dorothy Hydroelectric Project,14.3,2009,2003,2012,58.2325,-134.0533
North America,Small,USA,USA0057160,White River Lock and Dam 1,4.3,2007,2001,2010,35.7574,-91.6369
North America,Small,USA,USA0057161,White River Lock and Dam 2,3.5,2007,2001,2010,35.744,-91.7654
North America,Small,USA,USA0057184,Orono Hydro Station,2.7,2009,2003,2012,44.8803,-68.6647
North America,Small,USA,USA0057437,Juniper Ridge Hydroelectric Project,5,2010,2004,2013,44.1427,-121.2697
North America,Small,USA,USA0057665,SAF Hydroelectric LLC,9.6,2012,2006,2015,44.9789,-93.2478
North America,Medium,USA,USA0057690,Turnbull Hydro,13,2011,2005,2014,47.6053,-112.0969
North America,Medium,USA,USA0057729,Lake Hodges Hydroelectric Facility,42,2012,2006,2015,33.0586,-117.1194
North America,Small,USA,USA0057763,Youngs Creek Hydroelectric Project,7.5,2011,2005,2014,47.7916,-121.8
North America,Small,USA,USA0058257,Upper Pacolet Hydro,1.1,2013,2007,2016,34.9214,-81.7456
North America,Small,USA,USA0058384,Fargo Drop,1.1,2013,2007,2016,43.625,-116.8997
North America,Small,USA,USA0058390,Jordan Hydroelectric Project,4.4,2012,2006,2015,35.6547,-79.0683
North America,Small,USA,USA0058392,Flint Creek Hydroelectric LLC,2,2013,2007,2016,46.2275,-113.2947
North America,Small,USA,USA0058455,45 Mile Hydroelectric Project,3,2015,2009,2018,44.5281,-121.1528
North America,Small,USA,USA0058470,C-Drop Hydro,1.1,2012,2006,2015,42.1658,-121.685
North America,Small,USA,USA0058622,Carter Hydro,2.6,2012,2006,2015,40.3242,-105.2089
North America,Small,USA,USA0058685,Mahoning Creek Hydroelectric Project,6,2014,2008,2017,40.9211,-79.2817
North America,Small,USA,USA0058783,South Canal Hydro-1,4,2013,2007,2016,38.4833,-107.755
North America,Small,USA,USA0058784,South Canal Hydro-3,3.5,2013,2007,2016,38.4703,-107.7714
North America,Small,USA,USA0058873,Stuyvesant Falls,6,2013,2007,2016,42.3514,-73.7339
North America,Small,USA,USA0058901,Tri-County Water Hydropower Project,8,2014,2008,2017,38.2392,-107.7581
North America,Small,USA,USA0058977,Whitman,4.8,2015,2009,2018,55.3281,-131.5308
North America,Small,USA,USA0059357,Dorena Hydro-Electric Facility,7.5,2014,2008,2017,43.7867,-122.9581
North America,Small,USA,USA0059428,Baker Creek Hydroelectric,1.5,2014,2008,2017,40.5264,-123.7256
North America,Small,USA,USA0059437,Stillwater B,2.4,2013,2007,2016,44.9127,-68.6838
North America,Small,USA,USA0059438,Orono B,3.9,2013,2007,2016,44.8844,-68.6639
North America,Small,USA,USA0061189,Shavano Falls Hydro,2.8,2015,2009,2018,38.492,-108.0023
North America,Small,USA,USA0061190,Shavano Falls Hydro Drop 4,4.8,2015,2009,2018,38.4505,-107.7767
North America,Small,USA,USA0061217,Head of U Canal Hydro Project,1.2,2015,2009,2018,42.7628,-114.3958
North America,Small,USA,USA0061355,Arlington Outlet Hydroelectric Generator,1.3,2015,2009,2018,32.6391,-97.2429
North America,Medium,USA,USA0061853,Jordanelle Dam Hydroelectric Project,13,2008,2002,2011,40.5966,-111.4236
Africa,Large,GHA,WRI1000012,Bui,400,2013,2008,2016,8.1822,-2.1661
Africa,Medium,KEN,WRI1000046,Tana,20,2011,2005,2014,-0.7854,37.2654
Africa,Large,ETH,WRI1000056,Beles,460,2010,2005,2013,11.8196,36.9181
Africa,Medium,ETH,WRI1000058,Fincha Amerti Nesha,100,2011,2005,2014,9.558,37.3663
Africa,Large,ETH,WRI1000060,Gilgel Gibe II,420,2010,2005,2013,7.7571,37.5624
Africa,Medium,ETH,WRI1000063,Tekeze,300,2009,2003,2012,13.3492,38.7405
Africa,Medium,EGY,WRI1000109,Naga Hamadi,64,2008,2002,2011,26.1522,32.1453
Asia,Small,TWN,WRI1000423,Houli,1,2010,2004,2013,24.3108,120.7214
Asia,Large,CHN,WRI1000453,Xiluodu,"12,600.00",2013,2005,2016,28.26,103.65
Asia,Large,CHN,WRI1000454,Xiangjiaba,"6,448.00",2014,2006,2017,28.6437,104.393
Asia,Large,CHN,WRI1000460,Laxiwa,"4,200.00",2010,2004,2013,36.0703,101.1855
Asia,Large,CHN,WRI1000462,Jinping I,"3,600.00",2014,2005,2017,28.1823,101.6316
Asia,Large,CHN,WRI1000465,Gou Pi Tan,"3,000.00",2009,2003,2012,27.3744,107.633
Asia,Large,CHN,WRI1000467,Jinanqiao,"2,800.00",2010,2003,2013,26.81,100.45
Asia,Large,CHN,WRI1000469,Liyuan,"2,400.00",2015,2008,2018,27.68,100.29
Asia,Large,CHN,WRI1000470,Guandi,"2,400.00",2013,2007,2016,27.82,101.88
Asia,Large,CHN,WRI1000471,Ludila,"2,160.00",2014,2007,2017,26.2,100.82
Asia,Large,CHN,WRI1000473,Longkaikou,"1,900.00",2013,2007,2016,26.53,100.42
Asia,Large,CHN,WRI1000476,Pengshui,"1,750.00",2008,2003,2011,29.2,108.2
Asia,Large,CHN,WRI1000478,Shuibuya,"1,600.00",2008,2002,2011,30.44,110.34
Asia,Large,CHN,WRI1000490,Shatuo,"1,120.00",2009,2006,2012,28.5,108.48
Asia,Large,CHN,WRI1000491,Silin,"1,050.00",2009,2004,2012,27.37,107.63
Asia,Large,CHN,WRI1000498,Gong Guo Qiao,750,2011,2008,2014,25.59,99.335
Asia,Large,CHN,WRI1000507,Pankou,513,2012,2008,2015,32.21,110.15
Asia,Large,CHN,WRI1000532,Xianyou,"1,200.00",2013,2009,2016,25.53,118.53
Asia,Large,CHN,WRI1000534,Zhanghewan,"1,000.00",2009,2003,2012,37.77,114.06
Asia,Large,CHN,WRI1000535,Huizhou,"2,400.00",2011,2007,2014,23.27,114.31
Asia,Large,CHN,WRI1000536,Pushihe,"1,200.00",2012,2006,2015,40.42,124.68
Asia,Large,CHN,WRI1000538,Jishixia,"1,020.00",2014,2005,2017,35.83,102.7
Asia,Large,CHN,WRI1000539,Yixing,"1,000.00",2008,2003,2011,31.32,119.77
Asia,Medium,CHN,WRI1000540,Chonghu'er,110,2009,2003,2012,48.18,87.152
Asia,Medium,CHN,WRI1000541,Jilebulake,160,2013,2007,2016,48.26,86.399
Asia,Medium,CHN,WRI1000543,Jilintai II,100,2011,2005,2014,43.84,82.784
Asia,Large,CHN,WRI1000558,Huhhot,"1,200.00",2014,2005,2017,40.98,111.7
Asia,Large,CHN,WRI1000559,Baoquan,"1,200.00",2011,2004,2014,35.48,113.48
Asia,Large,CHN,WRI1000560,Heimifeng,"1,200.00",2010,2005,2013,28.46,113.01
Asia,Large,CHN,WRI1000562,Qingyuan,"1,280.00",2015,2008,2018,23.75,112.85
Asia,Large,CHN,WRI1000563,Xiangshuijian,"1,000.00",2012,2006,2015,31.11,118.29
Asia,Medium,CHN,WRI1000565,Pangduo,160,2013,2007,2016,30.18,91.352
Asia,Medium,CHN,WRI1000566,Zhikong,100,2007,2001,2010,29.97,91.877
Asia,Large,CHN,WRI1000567,Zangmu,540,2014,2009,2017,29.18,92.517
Asia,Large,CHN,WRI1000576,Qiaogong,456,2009,2006,2012,23.63,108.95
Asia,Large,LAO,WRI1001053,Nam Theun 2,"1,070.00",2010,2005,2013,18.4375,102.947
Asia,Medium,LAO,WRI1001055,Nan Mang 3,40,2011,2005,2014,18.2997,102.4033
Asia,Medium,LAO,WRI1001057,Theun Hinboun,280,2012,2006,2015,18.2098,104.5389
Asia,Large,LAO,WRI1001059,Nam Ngum 2,735,2011,2005,2014,19.3394,102.6107
Asia,Small,AZE,WRI1002186,Gusar,1,2012,2006,2015,41.3979,48.3308
Europe,Large,ISL,WRI1002794,FljÃ³tsdalsvirkjun (KÃ¡rahnjÃºkar ),690,2008,2003,2011,64.9471,-15.7931
Asia,Large,RUS,WRI1003673,Boguchanskaya HPP,"2,997.00",2012,2007,2015,58.6944,99.1489
Europe,Medium,CHE,WRI1004033,Albbruck-Wehrkraftwerk,28.4,2009,2003,2012,47.5908,8.1295
Europe,Medium,CHE,WRI1004600,Unteraa (Melchaa),12,2012,2006,2015,46.8333,8.1806
Europe,Small,CHE,WRI1004636,Wettingen-Dotierzentrale,2.1,2007,2001,2010,47.4705,8.3164
Europe,Large,AUT,WRI1005191,Kaprun Limberg II,480,2011,2006,2014,47.1985,12.7223
Europe,Medium,AUT,WRI1005224,Pernegg,22,2013,2007,2016,47.3598,15.3424
Europe,Medium,AUT,WRI1005265,Werfen-Pfarrwerfen,16,2009,2003,2012,47.4698,13.1945
Europe,Medium,DEU,WRI1005913,KW Rheinfelden,46.7,2010,2004,2013,47.5699,7.8101
Europe,Small,DEU,WRI1006140,Weserkraftwerk Bremen,9.9,2012,2006,2015,53.0611,8.8649
Europe,Medium,DEU,WRI1006149,WKW,24,2009,2003,2012,47.5985,8.171
Europe,Medium,ESP,WRI1006282,C.H. RIALB 2.,24.774,2007,2001,2010,41.9753,1.2561
Europe,Medium,ESP,WRI1006283,C.H. SAHECHORES,20.216,2007,2001,2010,42.6563,-5.1753
Europe,Medium,ESP,WRI1006398,CONTRERAS II 1,13.99,2009,2003,2012,39.5333,-1.6
Europe,Large,ESP,WRI1007869,San Esteban II  Grupo 1,438.45,2012,2009,2015,42.4143,-7.6533
Europe,Large,AUT,WRI1019153,Kopswerk II,525,2008,2004,2011,46.975,10.043
Europe,Medium,SWE,WRI1019415,Avestaforsen,24,2007,2001,2010,60.1454,16.1679
South America,Medium,PER,WRI1022072,El Platanal,220,2010,2004,2013,-12.8374,-75.9774
Europe,Medium,PRT,WRI1022569,Feiticeiro (Baixo Sabor - Jusante),36,2015,2009,2018,41.202,-7.0936
Europe,Medium,PRT,WRI1022575,Ribeiradio,73.6,2015,2009,2018,40.7422,-8.3194
Europe,Small,PRT,WRI1022659,Agilde,2,2012,2006,2015,41.3545,-8.1028
Europe,Small,PRT,WRI1022664,Alvito,3.4,2010,2004,2013,38.2788,-7.9093
Europe,Small,PRT,WRI1022685,Candemil,2,2011,2005,2014,41.2468,-7.9745
Europe,Small,PRT,WRI1022686,Canedo,10,2008,2002,2011,41.6204,-7.7394
Europe,Small,PRT,WRI1022718,Granja do Tedo,2.2,2008,2002,2011,41.0642,-7.6148
Europe,Small,PRT,WRI1022731,Lourido,2.8,2012,2006,2015,41.3948,-8.1974
Europe,Small,PRT,WRI1022734,Meimoa,5.7,2010,2004,2013,40.2597,-7.1389
Europe,Small,PRT,WRI1022747,Odivelas,2.5,2010,2004,2013,38.1852,-8.1153
Europe,Small,PRT,WRI1022769,Ponte Europa,1,2007,2001,2010,41.4807,-7.1878
Europe,Small,PRT,WRI1022785,Roxo,1.7,2010,2004,2013,37.9303,-8.0812
Europe,Small,PRT,WRI1022796,Serpa,1.7,2010,2004,2013,37.9921,-7.6045
Europe,Small,PRT,WRI1022804,Teixo,7,2008,2002,2011,40.5763,-8.2807
Europe,Small,PRT,WRI1022807,Trutas,2.2,2009,2003,2012,41.8478,-6.9361
Europe,Small,PRT,WRI1022811,Vale de Madeira,1.35,2008,2002,2011,40.7981,-7.0148
Europe,Small,PRT,WRI1022814,Vales,3.2,2009,2003,2012,41.4419,-7.4985
Africa,Large,ETH,WRI1022986,Gilgel Gibe III,"1,870.00",2015,2006,2018,6.8482,37.3018
South America,Medium,ECU,WRI1022990,Manduriacu,65,2015,2009,2018,0.2147,-78.9122
Africa,Medium,MAR,WRI1023692,Elborj,22,2010,2004,2013,33.1545,-8.115
Africa,Small,ZAF,WRI1026016,Bethlehem Hydro,7,2009,2003,2012,-28.217,28.3631
Asia,Medium,LAO,WRI1026796,Nam Lik 1-2,100,2010,2004,2013,18.7942,102.1162
Asia,Medium,LAO,WRI1026805,Xekaman 3,250,2012,2006,2015,15.3755,107.4064
Asia,Medium,KHM,WRI1026835,Kamchay,193,2011,2005,2014,10.7041,104.1175
Asia,Medium,KHM,WRI1026837,Stung Atai,120,2013,2007,2016,12.0752,103.1899
Asia,Large,KHM,WRI1026838,Lower Russei Chrum,338,2014,2010,2017,11.7818,103.0854
Asia,Medium,KHM,WRI1026839,Stung Tatai,246,2014,2008,2017,11.6346,103.2612
Asia,Medium,IRN,WRI1029944,Gara Chilar,130,2015,2009,2018,38.8658,46.5308
Asia,Medium,VNM,WRI1030752,Bac Binh,33,2009,2003,2012,11.3711,108.33
Asia,Medium,VNM,WRI1030754,La Hieng 2,18,2015,2009,2018,13.5017,108.85
Asia,Small,VNM,WRI1030779,Dai Nga,10,2015,2009,2018,11.4219,107.8754
Asia,Medium,VNM,WRI1030780,Dam'Bri,75,2014,2008,2017,11.5827,107.6726
Asia,Medium,VNM,WRI1030781,Dai Ninh,300,2008,2002,2011,11.6499,108.3202
Asia,Medium,VNM,WRI1030782,Dong Nai 2,70,2015,2009,2018,11.7129,108.0579
Asia,Medium,VNM,WRI1030783,Da Dang 2,34,2010,2004,2013,11.7219,108.2468
Asia,Medium,VNM,WRI1030785,Dong Nai 5,150,2015,2009,2018,11.7927,107.5534
Asia,Small,VNM,WRI1030786,Ha Song Pha 1,5.4,2013,2007,2016,11.8284,108.6906
Asia,Small,VNM,WRI1030787,Ha Song Pha 2,5.1,2015,2009,2018,11.8319,108.7073
Asia,Medium,VNM,WRI1030789,Dak Sin 1,28,2015,2009,2018,11.8186,107.459
Asia,Small,VNM,WRI1030792,Bu Ca Mau,4,2009,2003,2012,11.8713,106.9768
Asia,Medium,VNM,WRI1030793,Dong Nai 3,180,2011,2005,2014,11.8722,107.8887
Asia,Large,VNM,WRI1030794,Dong Nai 4,340,2012,2005,2015,11.8851,107.7286
Asia,Small,VNM,WRI1030795,Quang Tin,5,2009,2003,2012,11.9631,107.4493
Asia,Small,VNM,WRI1030797,Dak Ru,7.5,2008,2002,2011,11.9522,107.4042
Asia,Medium,VNM,WRI1030799,Dak R'Tih,144,2011,2005,2014,11.9902,107.6597
Asia,Medium,VNM,WRI1030801,Dak Glun,18,2011,2005,2014,12.0252,107.1834
Asia,Small,VNM,WRI1030803,Da Nhim Thuong 2,7.5,2010,2004,2013,12.1161,108.5852
Asia,Small,VNM,WRI1030804,Dac Me,5,2011,2005,2014,12.1333,108.313
Asia,Medium,VNM,WRI1030805,Yan-Tann-Sien,19.5,2010,2004,2013,12.1526,108.3787
Asia,Medium,VNM,WRI1030806,Dak N'teng,13,2011,2005,2014,12.1958,107.9268
Asia,Medium,VNM,WRI1030808,Buon Tua Srah,86,2009,2003,2012,12.2852,108.0383
Asia,Medium,VNM,WRI1030809,Song Giang 2,37,2014,2008,2017,12.3729,108.8374
Asia,Medium,VNM,WRI1030810,Krong Kmar,12,2008,2002,2011,12.452,108.3372
Asia,Medium,VNM,WRI1030811,Buon Kuop,280,2011,2005,2014,12.5305,107.9243
Asia,Medium,VNM,WRI1030813,Dray H'Linh 2,16,2007,2001,2010,12.6757,107.9041
Asia,Medium,VNM,WRI1030814,SrePok 3,220,2009,2003,2012,12.7524,107.8768
Asia,Small,VNM,WRI1030815,Ea MDoal 3,5,2010,2004,2013,12.7999,108.9287
Asia,Medium,VNM,WRI1030816,SrePok 4,80,2010,2004,2013,12.8072,107.8551
Asia,Medium,VNM,WRI1030817,Sre Pok 4a,64,2014,2008,2017,12.8935,107.8123
Asia,Medium,VNM,WRI1030819,Song Ba Ha,220,2008,2002,2011,13.0226,108.9039
Asia,Medium,VNM,WRI1030820,Dak Srong 3B,20,2012,2006,2015,13.3381,108.5587
Asia,Small,VNM,WRI1030821,Dak Srong 3A,10,2014,2008,2017,13.3473,108.5323
Asia,Medium,VNM,WRI1030823,Dak Srong 2,24,2010,2004,2013,13.6786,108.5649
Asia,Small,VNM,WRI1030825,Ia Grai 2,7.5,2014,2008,2017,13.9756,107.7928
Asia,Medium,VNM,WRI1030826,Ia Grai 1,10.8,2012,2006,2015,13.9757,107.7278
Asia,Large,VNM,WRI1030827,Se San 4,360,2009,2004,2012,13.9678,107.4953
Asia,Medium,VNM,WRI1030828,An Khe - Kanak,173,2009,2003,2012,14.0148,108.6796
Asia,Small,VNM,WRI1030829,Ia Grai 3,7.5,2007,2001,2010,14.0222,107.649
Asia,Medium,VNM,WRI1030830,Se San 3A,108,2007,2001,2010,14.1063,107.6577
Asia,Small,VNM,WRI1030831,Dinh Binh,9.9,2008,2002,2011,14.1565,108.7727
Asia,Medium,VNM,WRI1030832,Dak Doa,14,2010,2004,2013,14.1847,108.1064
Asia,Medium,VNM,WRI1030836,Vinh Son 5,28,2014,2008,2017,14.3611,108.7203
Asia,Medium,VNM,WRI1030838,PleiKrong,100,2009,2003,2012,14.4084,107.863
Asia,Small,VNM,WRI1030839,Dak Po ne 2,3.6,2008,2002,2011,14.526,108.2992
Asia,Small,VNM,WRI1030840,Dak Ne,8.1,2010,2004,2013,14.5281,108.2191
Asia,Medium,VNM,WRI1030841,Dak Po Ne,15.6,2009,2003,2012,14.5759,108.3049
Asia,Medium,VNM,WRI1030842,Dak Psi 3,15,2012,2006,2015,14.6613,107.9367
Asia,Small,VNM,WRI1030843,Dak Pia,2.2,2012,2006,2015,14.6651,108.1593
Asia,Medium,VNM,WRI1030844,Thuong Kon Tum,220,2014,2008,2017,14.6941,108.2299
Asia,Small,VNM,WRI1030846,Dak Ro Sa 2,2.4,2012,2006,2015,14.7135,107.8211
Asia,Small,VNM,WRI1030847,Dak Ro Sa,7.5,2007,2001,2010,14.7473,107.8358
Asia,Medium,VNM,WRI1030848,Dak Psi 4,30,2010,2004,2013,14.7684,108.0027
Asia,Small,VNM,WRI1030849,Dak Lay,3.2,2015,2009,2018,14.7979,108.0074
Asia,Medium,VNM,WRI1030850,DakDrinh,125,2014,2008,2017,14.9785,108.3013
Asia,Medium,VNM,WRI1030851,Nuoc Trong,16.5,2012,2006,2015,15.0809,108.4118
Asia,Small,VNM,WRI1030852,Ta Vi,3,2011,2005,2014,15.2624,108.1466
Asia,Medium,VNM,WRI1030853,Song Tranh 2,190,2010,2004,2013,15.3312,108.1478
Asia,Medium,VNM,WRI1030854,Song Tranh 3,62,2013,2007,2016,15.4443,108.143
Asia,Medium,VNM,WRI1030855,Dak Mi 4,190,2012,2006,2015,15.459,107.9124
Asia,Medium,VNM,WRI1030856,Dak Mi 4C,18,2012,2006,2015,15.4642,107.929
Asia,Medium,VNM,WRI1030857,Song Bung 4,156,2015,2009,2018,15.7258,107.6512
Asia,Medium,VNM,WRI1030858,Song Bung 4A,49,2012,2006,2015,15.7646,107.6802
Asia,Medium,VNM,WRI1030859,A Vuong,210,2008,2002,2011,15.7998,107.6171
Asia,Medium,VNM,WRI1030860,Song Bung 5,57,2013,2007,2016,15.8077,107.7472
Asia,Medium,VNM,WRI1030861,Song Bung 6,29,2012,2006,2015,15.8186,107.7787
Asia,Medium,VNM,WRI1030862,ZaHung,30,2009,2003,2012,15.86,107.6538
Asia,Medium,VNM,WRI1030863,Song Con 2,63,2009,2003,2012,15.9332,107.8081
Asia,Medium,VNM,WRI1030864,A Luoi,170,2012,2006,2015,16.2266,107.2728
Asia,Medium,VNM,WRI1030865,Ta Trach,21,2013,2007,2016,16.3164,107.6374
Asia,Medium,VNM,WRI1030866,Binh Dien,44,2009,2003,2012,16.3172,107.5028
Asia,Medium,VNM,WRI1030867,Huong Dien,81,2010,2004,2013,16.4601,107.4233
Asia,Small,VNM,WRI1030868,Khe Ron,6,2009,2003,2012,17.9168,105.9706
Asia,Medium,VNM,WRI1030869,Ho Ho,14,2010,2004,2013,18.0464,105.8334
Asia,Medium,VNM,WRI1030871,Huong Son,33,2012,2006,2015,18.446,105.1513
Asia,Large,VNM,WRI1030872,Ban Ve,320,2010,2004,2013,19.3404,104.4873
Asia,Medium,VNM,WRI1030873,Nam Mo,18,2013,2007,2016,19.4142,104.1123
Asia,Medium,VNM,WRI1030874,Nam Pong,32,2014,2008,2017,19.5184,105.0377
Asia,Medium,VNM,WRI1030875,Ban Coc,18,2009,2003,2012,19.6053,104.859
Asia,Small,VNM,WRI1030876,Song Muc,2,2008,2002,2011,19.6106,105.5416
Asia,Small,VNM,WRI1030877,Sao Va,3,2010,2004,2013,19.6605,104.9386
Asia,Medium,VNM,WRI1030878,Hua Na,180,2013,2007,2016,19.8381,105.0846
Asia,Medium,VNM,WRI1030879,Cua Dat,97,2010,2004,2013,19.8782,105.2731
Asia,Medium,VNM,WRI1030880,Ba Thuoc 2,80,2012,2006,2015,20.321,105.3281
Asia,Small,VNM,WRI1030882,Ta Niet,3.6,2014,2008,2017,20.8944,104.5229
Asia,Medium,VNM,WRI1030884,Suoi Sap 3,14,2011,2005,2014,21.2235,104.4954
Asia,Small,VNM,WRI1030885,Hang Dong A1,8.4,2012,2006,2015,21.2658,104.5407
Asia,Small,VNM,WRI1030886,Nam Mo 3,10,2009,2003,2012,21.3198,104.3022
Asia,Medium,VNM,WRI1030890,Nam Hoa 1,18,2015,2009,2018,21.3557,103.4076
Asia,Medium,VNM,WRI1030891,Suoi Lum 1,20,2013,2007,2016,21.3884,104.231
Asia,Medium,VNM,WRI1030892,Nam La,32,2011,2005,2014,21.4049,103.9836
Asia,Medium,VNM,WRI1030893,Nam Pia,15,2009,2003,2012,21.4452,104.1691
Asia,Medium,VNM,WRI1030897,Pa Chien,22,2013,2007,2016,21.476,104.0403
Asia,Large,VNM,WRI1030899,Son La,"2,400.00",2012,2005,2015,21.4971,103.996
Asia,Medium,VNM,WRI1030900,Nam Chien 2,32,2009,2003,2012,21.5001,104.0908
Asia,Small,VNM,WRI1030901,Hat Liu,5,2014,2008,2017,21.5067,104.3622
Asia,Small,VNM,WRI1030903,Ho Nui Coc,1.89,2009,2003,2012,21.5565,105.73
Asia,Medium,VNM,WRI1030904,Nam Khot,14,2011,2005,2014,21.6315,104.1718
Asia,Large,VNM,WRI1030905,Huoi Quang,520,2015,2008,2018,21.6965,103.8776
Asia,Medium,VNM,WRI1030907,Ngoi Hut 2,48,2014,2008,2017,21.7938,104.3324
Asia,Medium,VNM,WRI1030908,Nam Muc,44,2014,2008,2017,21.7981,103.2935
Asia,Small,VNM,WRI1030909,Ngoi Hut 1,8.4,2011,2005,2014,21.8093,104.4361
Asia,Medium,VNM,WRI1030910,Ban Chat,220,2013,2007,2016,21.8612,103.8286
Asia,Medium,VNM,WRI1030911,Muong Kim,13.5,2010,2004,2013,21.8718,103.9062
Asia,Medium,VNM,WRI1030912,Ho Bon,18,2012,2006,2015,21.8778,103.942
Asia,Large,VNM,WRI1030913,Lai Chau,"1,200.00",2015,2011,2018,22.1379,102.9839
Asia,Small,VNM,WRI1030915,Nam Cat,3.2,2012,2006,2015,22.2016,105.7776
Asia,Medium,VNM,WRI1030916,Seo Chong Ho,22,2013,2007,2016,22.2481,103.8963
Asia,Medium,VNM,WRI1030917,Su Pan 2,34.5,2011,2005,2014,22.2647,103.9622
Asia,Medium,VNM,WRI1030919,Nam Na 3,84,2015,2009,2018,22.2985,103.1613
Asia,Medium,VNM,WRI1030920,Ta Thang,60,2013,2007,2016,22.2987,104.0221
Asia,Small,VNM,WRI1030921,Lao Chai,2.4,2013,2007,2016,22.31,103.8599
Asia,Large,VNM,WRI1030922,Tuyen Quang,342,2008,2002,2011,22.36,105.3985
Asia,Medium,VNM,WRI1030925,Ngoi Xan 1,10.5,2007,2001,2010,22.4734,103.8729
Asia,Small,VNM,WRI1030926,Ngoi Xan 2,8,2008,2002,2011,22.4754,103.8595
Asia,Small,VNM,WRI1030927,Ta Loi 3,7.5,2012,2006,2015,22.4875,103.6653
Asia,Medium,VNM,WRI1030928,Nam Na 2,66,2015,2009,2018,22.4932,103.234
Asia,Small,VNM,WRI1030929,Thuong an,2.4,2008,2002,2011,22.5041,105.9936
Asia,Small,VNM,WRI1030930,Nam Pung,9.3,2009,2003,2012,22.5069,103.6906
Asia,Medium,VNM,WRI1030931,Muong Hum,32,2011,2005,2014,22.5404,103.7142
Asia,Medium,VNM,WRI1030933,Ngoi Phat,72,2014,2008,2017,22.5546,103.7434
Asia,Small,VNM,WRI1030934,Na T?í????u,6,2014,2008,2017,22.6722,106.505
Asia,Medium,VNM,WRI1030936,Song Chay 5,16,2012,2006,2015,22.7148,104.535
Asia,Small,VNM,WRI1030937,Thoong Cot 2,3.5,2013,2007,2016,22.8297,106.6189
Asia,Medium,VNM,WRI1030938,Ban Ra,18,2012,2006,2015,22.859,106.6998
Asia,Medium,VNM,WRI1030939,Ea Krong Rou,28,2007,2001,2010,12.5992,108.9397
Asia,Medium,VNM,WRI1030940,Hoa Phu,29,2014,2008,2017,12.6497,107.9091
Asia,Small,VNM,WRI1030941,Dak Rung 1,6,2010,2004,2013,12.1139,107.6336
Asia,Medium,VNM,WRI1030943,Dak Srong,18,2010,2004,2013,13.7659,108.5236
Asia,Medium,VNM,WRI1030944,Se san 4A,63,2011,2005,2014,13.9308,107.4678
Asia,Medium,VNM,WRI1030945,Tra Xom,20,2013,2007,2016,14.2875,108.7222
Asia,Medium,VNM,WRI1030947,Nam Chien 1,200,2013,2007,2016,21.5935,104.1444
Asia,Medium,VNM,WRI1030948,Nho Que 3,110,2012,2006,2015,23.1433,105.5154
Europe,Medium,GRC,WRI1061089,Ilarionas,154,2011,2005,2014,40.0966,21.8039
Asia,Large,IRN,WRI1061133,Upper Gotvand,"1,016.00",2012,2004,2015,32.2607,48.9241
South America,Large,VEN,WRI1061136,Fabricio Ojeda,514,2011,2004,2014,7.747,-71.4668
Africa,Small,RWA,WRI1061149,Mukungwa II,2.5,2010,2004,2013,-1.582,29.655
Africa,Medium,RWA,WRI1061154,Nyabarongo I,28,2014,2008,2017,-1.989,29.633
Africa,Medium,KEN,WRI1061222,Sondu Miru,60,2007,2001,2010,-0.3426,34.8521
Africa,Medium,COD,WRI1061233,Imboulou,120,2011,2005,2014,-2.9347,16.1278
Africa,Medium,COD,WRI1061238,Rutshuru,13.8,2015,2009,2018,-1.2258,29.46
Asia,Medium,MMR,WRI1061353,KengTawn,54,2008,2002,2011,20.91,97.975
Asia,Medium,MMR,WRI1061354,Khabaung,30,2008,2002,2011,19.16,96.717
Asia,Medium,MMR,WRI1061356,Kun,60,2011,2005,2014,18.42,96.364
Asia,Medium,MMR,WRI1061357,Kyee ON Kyee Wa,74,2012,2006,2015,18.9,96.221
Asia,Medium,MMR,WRI1061366,Shwegyin,75.2,2011,2005,2014,19.68,96.291
Asia,Large,MMR,WRI1061367,Shweli (1),600,2008,2002,2011,23.7,97.507
Asia,Medium,MMR,WRI1061368,Tarpein-1,240,2011,2005,2014,24.42,97.525
Asia,Medium,MMR,WRI1061373,Ye?Ç??¢?¬new,25,2007,2001,2010,19.07,95.442
North America,Small,GTM,WRI1061387,Choloma,9.7,2011,2005,2014,15.44,-89.74
North America,Medium,GTM,WRI1061390,El Cobano,11,2015,2009,2018,14.18,-90.603
North America,Small,GTM,WRI1061391,El Manantial,3.8,2015,2009,2018,14.66,-91.628
North America,Medium,GTM,WRI1061393,El Recreo,26,2007,2001,2010,14.65,-91.573
North America,Medium,GTM,WRI1061400,Oxec,26.1,2015,2009,2018,15.59,-89.728
North America,Medium,GTM,WRI1061402,Palo Viejo,85,2012,2006,2015,15.5,-90.874
North America,Small,GTM,WRI1061403,Panan,7.3,2011,2005,2014,14.56,-91.363
North America,Medium,GTM,WRI1061410,Santa Teresa,17,2011,2005,2014,15.3,-90.143
North America,Small,GTM,WRI1061412,Vision de Aguila,2.1,2013,2007,2016,15.6,-90.398
North America,Medium,GTM,WRI1061413,Xacbal,94,2010,2004,2013,15.62,-91.085
Oceania,Medium,FJI,WRI1061476,Nadarivatu,40,2012,2006,2015,-17.6671,177.9413
Europe,Small,POL,WRI1061533,DobrzeÅ„,2,2008,2002,2011,50.7558,17.8332
Europe,Small,POL,WRI1061539,Krapkowice,2,2007,2001,2010,50.4712,17.9809
Europe,Medium,RUS,WRI1061901,Gotsatlinskaya HPP,100,2007,2001,2010,42.5298,46.9177
Europe,Medium,RUS,WRI1061902,Zaragizhskaya HPP of the Cascade of Nizhne-Cherekskiye HPPs,30.6,2011,2005,2014,43.3226,43.6907
Asia,Medium,CHN,WRI1070865,Bashan Dam,140,2009,2003,2012,32.1022,108.4624
Asia,Medium,CHN,WRI1070868,Wudu Dam,150,2008,2002,2011,31.9179,104.7746
Asia,Large,CHN,WRI1070879,Jiangpinghe Dam,500,2012,2005,2015,29.7389,110.3396
Asia,Medium,CHN,WRI1070881,Wawushan Dam,260,2007,2001,2010,29.6727,103.0358
Asia,Large,CHN,WRI1070882,Jiangbian Dam,330,2011,2008,2014,28.6064,101.7055
Asia,Large,CHN,WRI1070887,Baishi (Guizhou) Dam,420,2011,2003,2014,26.9558,109.4709
Asia,Medium,CHN,WRI1070889,Hongkou Dam,200,2008,2002,2011,26.8944,119.3279
Asia,Medium,CHN,WRI1070896,Shunchang Dam,48,2008,2002,2011,26.793,117.8891
Asia,Medium,CHN,WRI1070903,Longjiang (Yunnan) Dam,240,2010,2004,2013,24.2407,98.1103
Asia,Large,CHN,WRI1070906,Gelantan Dam,390,2007,2006,2010,22.7049,102.0574
Asia,Medium,CHN,WRI1070911,Jufudu Dam,285,2008,2002,2011,22.9034,101.7724
Asia,Medium,CHN,WRI1070912,Longma Dam,240,2007,2001,2010,22.8748,101.6463
Asia,Medium,CHN,WRI1070919,Gezhen Dam,80,2009,2003,2012,19.1801,108.9683
